id;conflict_interest_classification;conflict_interest_entity_individual;conflict_interest_date_arose;conflict_interest_impact;relationship_entity_individual;affect_permission;case_details;disclose_inspector;facility_registered_insurance_name;office
1;beautifully soon wherever;esteemed;expert with ew;spherical and;intelligent or custom;truly failing;astride while inspect;inside;sick bemuse oxidize;troubled pfft
2;swath black productive;bowling;obsess;boohoo pillory who;whoa;extra-large nifty qua;aching;before canter;what;victoriously
3;on;how joyfully upon;genuine casement;qua while;exhausted mosh;jaywalk joint spear;fondly;boom;punctual;less tinted
4;descendant ack pish;ugh simple;hm starch;yellowish anti when;whenever;the astride footrest;quarrelsome blah since;concerning daily consequently;wire handover;outfox hm
5;lazily;status;configuration;out;blissfully athwart;zowie;uh-huh utter generously;not;even arrogantly;quixotic
6;lovingly at zowie;though information;mysteriously;heartfelt firm wrong;what;as govern;against;gloom duster parade;indeed apropos among;that
7;fully;stealthily;plain;celebrated;what;until duh;sedately statement intermarry;acquaintance qua once;concerning hm exalted;er charming during
8;pish yet;incidentally;ick;urgently;meaningfully;rim conservation;reword and;deer gah decriminalize;overdue gosh;if
9;granny whimsical;coil hence;as papa supposing;steeple nor;brisk govern subtract;gnaw sour atop;trained;usher wherever;till acknowledge;pharmacopoeia fluff yuck
10;bitterly pace untrue;hype versus;microblog serenade;pfft;phew loftily;generously striking;switch before indeed;hygienic switchboard;owlishly before;negotiation advocate
