id;purpose_of_disclosure;creation_date;name;job_title;job_number;ext;public_administration;administration;confirm;email;email_direct_manager;name_direct_manager;job_number_direct_manager;job_title_direct_manager;ext_direct_manager;are_there_relatives;file;filename
1;ouch seal er;kindly so;uh-huh;Human Group Associate;unlike quizzically notwithstanding;bah;council hungrily;nerve knit;and forenenst;Alvera58@gmail.com;whereas vacantly;glimmer nor;throughout;observe newsprint;drat opposite boo;true;inspect;strict
2;why;disclosure;aha yowza wherever;Regional Branding Orchestrator;spew wherever kookily;freight;fooey yuck;between;opposite into husband;Ellis_Lemke13@gmail.com;restaurant pish since;nor after;divine when until;gently following some;yum merrily ack;false;hopeful obtrude clamour;failing experience bathhouse
3;good-natured developmental;wrongly save up;iterate;Principal Branding Engineer;worth;as scowl;taxicab compete solidly;marten;consequently optimal sparse;Aliyah.Beatty77@gmail.com;lightly;dreamily familiarize;ah courageously fooey;as considering commonly;ew;true;square to;for emerge brr
4;unabashedly interestingly;from ceramic meh;correctly;Direct Configuration Facilitator;eternity brr on;meanwhile into noisily;nor;dearly while tomb;while wicked massive;Gardner_Kertzmann91@yahoo.com;busily athwart amid;common after superb;rebuild whoever;boohoo yuck delicious;winding times;true;more so;so controvert
5;mockingly nun;sympathetically utterly;hmph;Customer Integration Planner;whoa;basket tensely;honorable evince;dual;mockingly uh-huh;Lenora_Kuphal@yahoo.com;produce redress;outside phew technologist;director continually pale;linseed;consequently woeful;true;how brief;quart
6;cycle aw;intrepid boohoo;boo decongestant unabashedly;Lead Web Manager;implode;sore decision;minister;official shocked;meh nor excluding;Lizzie_Emard@yahoo.com;astride;normal offend secondary;white;for finally;wealthy bungalow;false;redesign gah indeed;consequently over
7;clean whether tapioca;minty brr;dual;Global Program Planner;until dreamily thorny;likewise which;behind;kindheartedly;opposite deployment barring;Fernando91@yahoo.com;bah wilderness ah;absent oof yahoo;whose ah yearningly;experienced;yippee wherever;false;suspiciously manage;nor
8;once lest stack;showboat;soggy blindly er;Regional Usability Facilitator;knickers drat that;if wrong;brown stack;goat;mechanically;Patsy18@gmail.com;ameliorate overcooked;winged more;till drive;psst times;video surprised;false;across barring;woot
9;table woot unbalance;unto carp engage;pace straight space;Forward Communications Administrator;casket;carouse thread exhaust;familiar;knowingly pharmacopoeia a;devise affectionate;Larry78@gmail.com;hutch than tromp;likewise;beside information infamous;sonata;insidious;true;agile tightly;deplore
10;incomplete pleasing;upwardly;daughter worth;Forward Mobility Designer;operating er yogurt;silt unbearably or;prickly stoop idolized;lovely unrealistic;kindheartedly jump;Dereck2@gmail.com;charming lazy;standard capitalize;woot brr shore;around supposing safely;whereas after;true;likewise times;upwardly underneath
