id;display_name;email;title;telephone_number;local_phone;department;physical_delivery_office_name;distinguished_name;username
1;merrily properly;Kaley_Langosh0@hotmail.com;regarding perp uh-huh;ha yogurt;vanish ethyl haversack;widow;pfft;perfectly;courteous
2;likewise afterwards supposing;Jessika15@hotmail.com;cheese rudely certainly;gee;huddle whenever;orient so enhance;inwardly agreement;pish privilege;quick
3;digit;Jannie_Bruen45@gmail.com;yippee ha concerning;whenever superb;delightfully;and issue tarry;sermon finally;unlearn unsung;tapioca liquid hello
4;ew search ah;Gustave16@hotmail.com;psst aside um;instead;glorious gracefully;gee though;hourly;yippee fondly;knowledgeably worse
5;joyfully;Bo.Dare@yahoo.com;neighboring tenement;beyond;solemnly;properly waft fumigate;yum hmph at;alienated intent;utilization even invite
6;freely general which;Charles67@gmail.com;purple monster instead;ouch rebel;whistle;mobilize yuck;capitalise whoever;miserly hmph;garrote among fooey
7;incline an deliberately;Eldridge.Toy@gmail.com;actually;continually;boggle delicious;edge brightly;wetly factorize miserably;than comb that;cleverly young
8;fold;Keira87@gmail.com;pfft but;scruple;reorganisation yippee inborn;enlist descent godparent;pish investigate whenever;liquid after;via tiny excepting
9;unimpressively wildly trick;Guiseppe80@gmail.com;pro segregate sandbar;underneath;times whoever;after;unscramble duffel plain;oh atop cheese;inside um scenario
10;vivaciously mentor anneal;Pierce_Barrows23@hotmail.com;kiss;valiantly smog atop;meh;fooey;happily;wilt hence too;inside silk magnificent
