id;login_name;full_name;email;jhi_key;name;job_title;job_number;ext;public_administration;administration;relative_relationship;office
1;closely zowie highly;afterwards;Lexie5@hotmail.com;20625;doubter or athwart;Future Functionality Administrator;consequently so;bewail phooey ouch;opposite row;describe subtract acknowledge;though while hopeful;following
2;amongst furthermore important;whoever up;Raphaelle_Wintheiser-Dooley@hotmail.com;22330;aboard every;Customer Paradigm Orchestrator;fluffy astride woefully;enormously lest including;yum nippy;unimpressively;lest phooey;fatally uh-huh meh
3;import hover imaginative;horde;Adalberto69@yahoo.com;26562;inwardly ferociously disapprove;Central Research Designer;because downright;implode;and what;offensively catch;railway now;valiantly freely hyena
4;where hoof;pfft;Deshaun96@hotmail.com;6427;yahoo eventually rosemary;Internal Division Engineer;mantua;sizzle wherever guacamole;via;horn;eggplant;shameful thorny
5;bah given;hospitalization nephew;Mavis71@hotmail.com;13811;underneath ha knit;Future Mobility Assistant;kiddingly;indeed diligently;second casement;foolish;sashay in beneath;beard because well-made
6;rout;oof;Terrill20@hotmail.com;6079;hoick director;Product Implementation Associate;segregate;whether pace the;eek;instead apropos hm;so;role smoggy
7;gosh tomorrow kindheartedly;immediately lazily;Kaleb.Erdman@gmail.com;20042;like;Regional Directives Coordinator;gosh safely;turret expatiate;before brook valentine;into;inside ouch;once
8;microblog clueless smoggy;foodstuffs um responsibility;Carolyn45@hotmail.com;10690;yet;Lead Solutions Architect;and;phew;blend incidentally deliberately;sting;fair;who limited
9;regarding tasty;next solution;Darrin98@gmail.com;19687;than;Central Applications Consultant;busily;friendly quizzically amongst;beyond instead;boldly;beside frail humble;incline
10;bus unto trivial;broadside fondly dimly;Cortez_Terry@yahoo.com;24683;hm suspiciously;Customer Security Executive;certification;pfft;now limply;meatloaf;yippee;minister redevelop barring
